instance,seed,arm,objective,violations,RoomAgeMix,RoomSkillLevel,ContinuityOfCare,ExcessiveNurseWorkload,OpenOperatingTheater,SurgeonTransfer,PatientDelay,ElectiveUnscheduledPatients
i01,1,placebo,4032,0,40,410,132,20,240,0,390,2800
i01,1,real,4032,0,40,410,132,20,240,0,390,2800
i01,2,placebo,4087,0,5,500,132,20,240,0,390,2800
i01,2,real,4087,0,5,500,132,20,240,0,390,2800
i01,3,placebo,4068,0,25,460,133,20,240,0,390,2800
i01,3,real,4068,0,25,460,133,20,240,0,390,2800
i01,4,placebo,4090,0,30,470,130,30,240,0,390,2800
i01,4,real,4090,0,30,470,130,30,240,0,390,2800
i01,5,placebo,4087,0,5,500,132,20,240,0,390,2800
i01,5,real,4087,0,5,500,132,20,240,0,390,2800
i02,1,placebo,1417,0,15,205,232,10,240,0,715,0
i02,1,real,1423,0,15,245,233,20,240,0,670,0
i02,2,placebo,1415,0,30,230,230,40,240,0,645,0
i02,2,real,1422,0,25,240,227,0,240,0,690,0
i02,3,placebo,1394,0,15,215,229,0,240,0,695,0
i02,3,real,1391,0,15,220,226,0,240,0,690,0
i02,4,placebo,1425,0,15,275,240,50,240,0,605,0
i02,4,real,1385,0,10,200,230,0,240,0,705,0
i02,5,placebo,1439,0,15,225,224,50,240,0,685,0
i02,5,real,1396,0,20,235,226,10,240,0,665,0
i03,1,placebo,10665,0,75,190,675,15,400,0,1710,7600
i03,1,real,10665,0,75,190,675,15,400,0,1710,7600
i03,2,placebo,10640,0,60,180,675,15,400,0,1710,7600
i03,2,real,10640,0,60,180,675,15,400,0,1710,7600
i03,3,placebo,10600,0,35,170,670,15,400,0,1710,7600
i03,3,real,10575,0,20,175,660,10,400,0,1710,7600
i03,4,placebo,10560,0,10,145,665,15,400,0,1725,7600
i03,4,real,10665,0,75,190,675,15,400,0,1710,7600
i03,5,placebo,10640,0,60,150,695,25,400,0,1710,7600
i03,5,real,10665,0,75,190,675,15,400,0,1710,7600
i04,1,placebo,2156,0,110,178,338,90,300,0,1140,0
i04,1,real,2087,0,140,203,354,175,300,0,915,0
i04,2,placebo,2075,0,185,188,342,155,260,0,945,0
i04,2,real,2105,0,220,183,347,145,280,0,930,0
i04,3,placebo,2081,0,180,191,345,150,300,0,915,0
i04,3,real,2045,0,130,180,345,120,280,0,990,0
i04,4,placebo,2043,0,135,220,338,180,300,0,870,0
i04,4,real,2141,0,250,181,355,170,300,0,885,0
i04,5,placebo,2145,0,245,195,345,175,300,0,885,0
i04,5,real,2033,0,95,195,348,150,300,0,945,0
i05,1,placebo,13047,0,145,130,352,20,480,0,3420,8500
i05,1,real,13047,0,145,130,352,20,480,0,3420,8500
i05,2,placebo,13068,0,185,130,343,10,480,0,3420,8500
i05,2,real,13068,0,185,130,343,10,480,0,3420,8500
i05,3,placebo,12999,0,110,130,349,10,480,0,3420,8500
i05,3,real,12999,0,110,130,349,10,480,0,3420,8500
i05,4,placebo,13008,0,110,140,348,10,480,0,3420,8500
i05,4,real,13007,0,100,140,347,20,480,0,3420,8500
i05,5,placebo,12935,0,60,120,355,0,480,0,3420,8500
i05,5,real,12935,0,60,120,355,0,480,0,3420,8500
i06,1,placebo,10711,0,18,54,249,0,240,0,250,9900
i06,1,real,10711,0,18,54,249,0,240,0,250,9900
i06,2,placebo,10697,0,14,47,246,0,240,0,250,9900
i06,2,real,10697,0,14,47,246,0,240,0,250,9900
i06,3,placebo,10703,0,17,50,246,0,240,0,250,9900
i06,3,real,10703,0,17,50,246,0,240,0,250,9900
i06,4,placebo,10713,0,27,49,247,0,240,0,250,9900
i06,4,real,10713,0,27,49,247,0,240,0,250,9900
i06,5,placebo,10693,0,18,46,239,0,240,0,250,9900
i06,5,real,10693,0,18,46,239,0,240,0,250,9900
i07,1,placebo,5756,0,295,1010,2505,245,360,1,1340,0
i07,1,real,5550,0,165,920,2525,170,360,0,1410,0
i07,2,placebo,5630,0,235,1030,2420,215,360,0,1370,0
i07,2,real,5781,0,240,1140,2490,230,360,1,1320,0
i07,3,placebo,5711,0,125,1130,2465,180,360,1,1450,0
i07,3,real,5911,0,350,1070,2470,350,360,1,1310,0
i07,4,placebo,5785,0,135,1090,2565,305,360,0,1330,0
i07,4,real,5741,0,320,1020,2520,200,360,1,1320,0
i07,5,placebo,6006,0,340,1120,2465,410,360,1,1310,0
i07,5,real,5825,0,280,1150,2490,195,360,0,1350,0
i08,1,placebo,6995,0,665,20,1164,966,1760,50,2370,0
i08,1,real,7063,0,560,10,1109,974,1800,70,2540,0
i08,2,placebo,6890,0,615,40,1136,949,1800,60,2290,0
i08,2,real,6938,0,425,10,1120,883,1760,50,2490,200
i08,3,placebo,6744,0,530,10,1140,874,1720,80,2390,0
i08,3,real,7087,0,595,20,1102,960,1760,70,2380,200
i08,4,placebo,6935,0,600,10,1144,961,1800,50,2370,0
i08,4,real,6948,0,490,10,1106,942,1720,80,2400,200
i08,5,placebo,6978,0,615,10,1152,971,1760,50,2420,0
i08,5,real,6984,0,660,20,1130,954,1680,80,2460,0
i09,1,placebo,7093,0,205,178,2375,225,440,40,3630,0
i09,1,real,7072,0,425,177,2425,185,440,30,3390,0
i09,2,placebo,7280,0,225,176,2375,189,460,0,3855,0
i09,2,real,7105,0,160,175,2375,195,440,10,3750,0
i09,3,placebo,7095,0,135,176,2350,214,440,30,3750,0
i09,3,real,7170,0,330,174,2405,161,460,40,3600,0
i09,4,placebo,7031,0,155,182,2385,149,440,30,3690,0
i09,4,real,7182,0,160,163,2370,179,460,10,3840,0
i09,5,placebo,7044,0,400,182,2395,182,460,20,3405,0
i09,5,real,7152,0,150,169,2395,203,440,30,3765,0
i10,1,placebo,21550,0,375,1960,3095,290,460,0,2470,12900
i10,1,real,21550,0,375,1960,3095,290,460,0,2470,12900
i10,2,placebo,21540,0,380,1935,3085,330,460,0,2450,12900
i10,2,real,21540,0,380,1935,3085,330,460,0,2450,12900
i10,3,placebo,21555,0,375,1950,3155,270,460,0,2445,12900
i10,3,real,21555,0,375,1950,3155,270,460,0,2445,12900
i10,4,placebo,21575,0,375,2015,3120,230,460,0,2475,12900
i10,4,real,21575,0,375,2015,3120,230,460,0,2475,12900
i10,5,placebo,21575,0,375,2015,3120,230,460,0,2475,12900
i10,5,real,21575,0,375,2015,3120,230,460,0,2475,12900
i11,1,placebo,26025,0,3,81,341,0,570,0,530,24500
i11,1,real,26025,0,3,81,341,0,570,0,530,24500
i11,2,placebo,25995,0,9,87,334,0,570,0,495,24500
i11,2,real,25995,0,9,87,334,0,570,0,495,24500
i11,3,placebo,26004,0,2,78,339,0,570,0,515,24500
i11,3,real,26004,0,2,78,339,0,570,0,515,24500
i11,4,placebo,25967,0,20,62,330,0,570,0,485,24500
i11,4,real,25967,0,20,62,330,0,570,0,485,24500
i11,5,placebo,26018,0,11,82,340,0,570,0,515,24500
i11,5,real,26018,0,11,82,340,0,570,0,515,24500
i12,1,placebo,13513,0,78,2090,3100,1205,840,15,1185,5000
i12,1,real,13839,0,89,1760,3140,1125,840,15,1470,5400
i12,2,placebo,13546,0,81,1720,2890,1055,840,15,945,6000
i12,2,real,13679,0,89,1760,2970,945,810,15,1290,5800
i12,3,placebo,13337,0,72,1750,3060,825,840,10,1380,5400
i12,3,real,13576,0,81,1580,3040,1075,840,10,1350,5600
i12,4,placebo,13507,0,82,1850,3020,755,840,15,945,6000
i12,4,real,13649,0,74,1930,3045,700,840,15,1245,5800
i12,5,placebo,13529,0,84,1700,3020,970,840,15,900,6000
i12,5,real,13632,0,97,2090,3015,1295,840,15,1080,5200
i13,1,placebo,18020,0,440,319,2770,326,330,0,7335,6500
i13,1,real,18020,0,440,319,2770,326,330,0,7335,6500
i13,2,placebo,18017,0,435,307,2790,305,330,0,7350,6500
i13,2,real,18017,0,435,307,2790,305,330,0,7350,6500
i13,3,placebo,18020,0,440,319,2770,326,320,10,7335,6500
i13,3,real,18020,0,440,319,2770,326,320,10,7335,6500
i13,4,placebo,18020,0,440,319,2770,326,330,0,7335,6500
i13,4,real,18060,0,470,298,2760,367,320,10,7335,6500
i13,5,placebo,18000,0,435,304,2760,321,330,0,7350,6500
i13,5,real,17848,0,415,326,2800,322,350,0,7635,6000
i14,1,placebo,10203,0,89,344,3800,130,1200,5,785,3850
i14,1,real,10203,0,89,344,3800,130,1200,5,785,3850
i14,2,placebo,10171,0,89,377,3765,150,1200,5,735,3850
i14,2,real,10171,0,89,377,3765,150,1200,5,735,3850
i14,3,placebo,10085,0,78,322,3730,100,1150,5,850,3850
i14,3,real,10085,0,78,322,3730,100,1150,5,850,3850
i14,4,placebo,10216,0,76,354,3840,155,1150,6,785,3850
i14,4,real,10225,0,82,358,3795,115,1200,5,820,3850
i14,5,placebo,10213,0,71,332,3865,35,1200,5,855,3850
i14,5,real,10213,0,71,332,3865,35,1200,5,855,3850
i15,1,placebo,13476,0,126,1150,4355,340,330,35,4690,2450
i15,1,real,13697,0,147,1160,4555,370,330,25,4660,2450
i15,2,placebo,13589,0,104,820,4155,240,340,30,5100,2800
i15,2,real,14008,0,138,1285,4660,890,340,15,4230,2450
i15,3,placebo,13528,0,118,1120,4400,260,330,20,4830,2450
i15,3,real,13799,0,134,1165,4475,250,330,25,4620,2800
i15,4,placebo,13703,0,128,1275,4585,400,330,25,4510,2450
i15,4,real,13434,0,124,1160,4355,320,330,25,4670,2450
i15,5,placebo,13593,0,118,1060,4455,280,340,20,4870,2450
i15,5,real,13593,0,118,1060,4455,280,340,20,4870,2450
i16,1,placebo,11517,0,117,350,851,864,1400,30,2505,5400
i16,1,real,11517,0,117,350,851,864,1400,30,2505,5400
i16,2,placebo,11574,0,110,350,857,857,1400,20,2580,5400
i16,2,real,11574,0,110,350,857,857,1400,20,2580,5400
i16,3,placebo,11550,0,112,360,859,839,1400,30,2550,5400
i16,3,real,11550,0,112,360,859,839,1400,30,2550,5400
i16,4,placebo,11522,0,117,350,848,862,1400,25,2520,5400
i16,4,real,11522,0,117,350,848,862,1400,25,2520,5400
i16,5,placebo,11529,0,115,350,853,861,1400,30,2520,5400
i16,5,real,11529,0,115,350,853,861,1400,30,2520,5400
i17,1,placebo,47455,0,305,5350,10885,840,2100,60,11915,16000
i17,1,real,47755,0,410,5540,10810,1090,2190,55,11660,16000
i17,2,placebo,48315,0,410,5500,10710,1000,2130,40,12025,16500
i17,2,real,48430,0,470,6030,11200,970,2160,70,12030,15500
i17,3,placebo,47835,0,300,5550,10685,570,2160,50,12020,16500
i17,3,real,48320,0,330,5640,10925,1070,2190,65,11600,16500
i17,4,placebo,47450,0,195,5410,10710,800,2160,60,12115,16000
i17,4,real,47675,0,385,5910,10980,980,2130,75,11715,15500
i17,5,placebo,48170,0,260,5490,10885,1140,2160,60,12675,15500
i17,5,real,49575,0,425,7170,11850,1770,2100,55,11205,15000
i18,1,placebo,38304,0,630,139,813,20,750,2,2650,33300
i18,1,real,38304,0,630,139,813,20,750,2,2650,33300
i18,2,placebo,38171,0,500,129,820,20,750,2,2650,33300
i18,2,real,38171,0,500,129,820,20,750,2,2650,33300
i18,3,placebo,37897,0,230,141,814,10,750,2,2650,33300
i18,3,real,37897,0,230,141,814,10,750,2,2650,33300
i18,4,placebo,37972,0,310,137,793,30,750,2,2650,33300
i18,4,real,38185,0,510,122,831,20,750,2,2650,33300
i18,5,placebo,37853,0,180,138,823,10,750,2,2650,33300
i18,5,real,37853,0,180,138,823,10,750,2,2650,33300
i19,1,placebo,49235,0,195,2150,10885,1410,1920,130,10545,22000
i19,1,real,49404,0,164,2210,10500,1450,1980,120,10230,22750
i19,2,placebo,49610,0,280,2960,11365,2130,2160,110,13605,17000
i19,2,real,48614,0,204,1900,10350,1635,1890,140,9495,23000
i19,3,placebo,49666,0,291,2930,11535,2610,2130,90,13080,17000
i19,3,real,49660,0,290,2840,11450,2450,2130,90,13410,17000
i19,4,placebo,48363,0,178,1570,10195,1285,1890,130,10365,22750
i19,4,real,49021,0,206,2410,10480,1680,2010,150,11085,21000
i19,5,placebo,48285,0,180,2000,10215,1275,1950,120,9795,22750
i19,5,real,48342,0,212,1970,10295,1415,1920,170,10110,22250
i20,1,placebo,30123,0,81,2240,927,290,1400,5,3180,22000
i20,1,real,30123,0,81,2240,927,290,1400,5,3180,22000
i20,2,placebo,30100,0,79,2200,926,310,1400,5,3180,22000
i20,2,real,30075,0,80,2160,930,320,1400,5,3180,22000
i20,3,placebo,30091,0,80,2170,916,340,1400,5,3180,22000
i20,3,real,30091,0,80,2170,916,340,1400,5,3180,22000
i20,4,placebo,30086,0,80,2160,921,340,1400,5,3180,22000
i20,4,real,30086,0,80,2160,921,340,1400,5,3180,22000
i20,5,placebo,30110,0,81,2180,924,340,1400,5,3180,22000
i20,5,real,30110,0,81,2180,924,340,1400,5,3180,22000
i21,1,placebo,28904,0,182,2340,9345,625,2900,12,7000,6500
i21,1,real,28647,0,228,2960,9750,900,2950,14,6095,5750
i21,2,placebo,28648,0,200,2880,9365,750,3050,13,6140,6250
i21,2,real,28621,0,210,2905,9465,805,2900,16,6070,6250
i21,3,placebo,28625,0,231,2660,9375,925,2950,14,6220,6250
i21,3,real,28385,0,247,2940,9295,650,2850,13,6140,6250
i21,4,placebo,28572,0,183,2380,9040,625,3000,14,6830,6500
i21,4,real,28629,0,232,3000,9520,745,2900,12,6220,6000
i21,5,placebo,28659,0,247,2820,9755,715,2950,12,6160,6000
i21,5,real,28273,0,220,2835,9365,655,2900,13,6285,6000
i22,1,placebo,53734,0,268,1394,11765,1020,1640,17,6130,31500
i22,1,real,53734,0,268,1394,11765,1020,1640,17,6130,31500
i22,2,placebo,53325,0,264,1398,11615,1200,1640,18,6140,31050
i22,2,real,53325,0,264,1398,11615,1200,1640,18,6140,31050
i22,3,placebo,53797,0,259,1340,11770,1220,1640,18,6050,31500
i22,3,real,53797,0,259,1340,11770,1220,1640,18,6050,31500
i22,4,placebo,53825,0,260,1328,11740,1180,1660,17,6140,31500
i22,4,real,53825,0,260,1328,11740,1180,1660,17,6140,31500
i22,5,placebo,53050,0,290,1336,11835,1020,1680,19,6270,30600
i22,5,real,53050,0,290,1336,11835,1020,1680,19,6270,30600
i23,1,placebo,39328,0,274,160,8840,1583,710,6,8355,19400
i23,1,real,39328,0,274,160,8840,1583,710,6,8355,19400
i23,2,placebo,39390,0,299,170,8905,1545,710,6,8355,19400
i23,2,real,39390,0,299,170,8905,1545,710,6,8355,19400
i23,3,placebo,39468,0,271,170,8900,1611,710,6,8400,19400
i23,3,real,39468,0,271,170,8900,1611,710,6,8400,19400
i23,4,placebo,39284,0,291,190,8825,1507,710,6,8355,19400
i23,4,real,39284,0,291,190,8825,1507,710,6,8355,19400
i23,5,placebo,39379,0,279,200,8875,1549,700,6,8370,19400
i23,5,real,39379,0,279,200,8875,1549,700,6,8370,19400
i24,1,placebo,34488,0,220,418,2387,148,730,60,1825,28700
i24,1,real,34488,0,220,418,2387,148,730,60,1825,28700
i24,2,placebo,34503,0,222,412,2413,126,740,50,1840,28700
i24,2,real,34503,0,222,412,2413,126,740,50,1840,28700
i24,3,placebo,34541,0,250,431,2366,159,750,40,1845,28700
i24,3,real,34541,0,250,431,2366,159,750,40,1845,28700
i24,4,placebo,34459,0,193,411,2418,122,730,60,1825,28700
i24,4,real,34623,0,250,437,2427,109,740,50,1910,28700
i24,5,placebo,34578,0,255,436,2450,112,740,50,1835,28700
i24,5,real,36249,0,185,342,2211,46,730,60,3275,29400
i25,1,placebo,12470,0,140,381,5365,479,1060,40,2455,2550
i25,1,real,13390,0,670,390,5705,530,1060,30,2305,2700
i25,2,placebo,12495,0,190,381,5320,544,1080,40,2390,2550
i25,2,real,13308,0,685,369,5645,639,1080,50,2290,2550
i25,3,placebo,13321,0,740,381,5830,665,1060,50,2195,2400
i25,3,real,12752,0,75,396,5750,586,1080,40,2425,2400
i25,4,placebo,12477,0,55,351,5510,591,1080,40,2300,2550
i25,4,real,12486,0,75,392,5400,534,1060,35,2440,2550
i25,5,placebo,12865,0,110,430,5750,495,1080,40,2410,2550
i25,5,real,12939,0,75,396,5890,573,1040,55,2360,2550
i26,1,placebo,71499,0,353,1346,15025,2280,850,85,16560,35000
i26,1,real,70802,0,366,1341,14935,2370,860,80,16350,34500
i26,2,placebo,71328,0,337,1321,15125,2080,860,75,16530,35000
i26,2,real,71332,0,364,1328,15010,2370,870,80,16810,34500
i26,3,placebo,70709,0,343,1346,15035,2180,850,85,16870,34000
i26,3,real,71358,0,361,1327,14930,2270,840,90,16540,35000
i26,4,placebo,71203,0,333,1300,14755,2010,850,95,16360,35500
i26,4,real,71334,0,364,1355,14985,2620,860,80,16570,34500
i26,5,placebo,70812,0,323,1324,15025,2300,860,80,16400,34500
i26,5,real,71095,0,354,1296,14975,2310,870,80,16210,35000
i27,1,placebo,63263,0,415,11890,4128,3670,3180,210,14770,25000
i27,1,real,63107,0,384,11260,4088,3950,3150,220,15055,25000
i27,2,placebo,62439,0,387,11080,4067,3100,3150,170,14485,26000
i27,2,real,62931,0,406,11260,4060,3370,3120,180,14535,26000
i27,3,placebo,63052,0,388,11280,4099,3830,3090,210,14655,25500
i27,3,real,62177,0,394,11330,4108,3910,3150,210,15075,24000
i27,4,placebo,63340,0,418,12210,4082,4070,3180,170,14210,25000
i27,4,real,61978,0,419,11050,4069,3820,3180,200,14740,24500
i27,5,placebo,62428,0,409,11700,4119,3850,3150,180,14520,24500
i27,5,real,62405,0,398,11530,4067,3980,3150,230,14550,24500
i28,1,placebo,76170,0,142,350,5915,958,2600,45,2260,63900
i28,1,real,76170,0,142,350,5915,958,2600,45,2260,63900
i28,2,placebo,76237,0,171,280,5980,1001,2600,45,2260,63900
i28,2,real,76237,0,171,280,5980,1001,2600,45,2260,63900
i28,3,placebo,76315,0,157,375,6025,943,2600,45,2270,63900
i28,3,real,76315,0,157,375,6025,943,2600,45,2270,63900
i28,4,placebo,76317,0,155,390,6020,937,2600,45,2270,63900
i28,4,real,76317,0,155,390,6020,937,2600,45,2270,63900
i28,5,placebo,76335,0,142,335,6075,978,2600,45,2260,63900
i28,5,real,76337,0,145,395,6010,972,2600,45,2270,63900
i29,1,placebo,14698,0,900,639,1893,331,710,70,4455,5700
i29,1,real,14068,0,935,652,1885,291,720,40,4745,4800
i29,2,placebo,14927,0,390,599,1842,226,680,30,4860,6300
i29,2,real,14559,0,995,686,1896,282,700,50,4550,5400
i29,3,placebo,14804,0,955,657,1955,367,730,30,4410,5700
i29,3,real,13986,0,930,662,1834,245,720,40,4755,4800
i29,4,placebo,14762,0,935,654,1920,338,710,40,4465,5700
i29,4,real,14070,0,870,661,1953,261,730,30,4765,4800
i29,5,placebo,14717,0,920,650,1893,389,730,30,4405,5700
i29,5,real,14104,0,995,657,1856,286,720,20,4770,4800
i30,1,placebo,39826,0,1320,260,8440,3115,2800,16,7875,16000
i30,1,real,40097,0,1390,260,8230,2953,2800,14,8850,15600
i30,2,placebo,40281,0,1395,210,8395,3083,2840,13,8145,16200
i30,2,real,40582,0,1420,140,8310,3213,2880,14,8805,15800
i30,3,placebo,39839,0,1325,170,8550,3159,2800,15,7620,16200
i30,3,real,40277,0,1440,170,8285,3083,2800,14,8685,15800
i30,4,placebo,39997,0,1310,250,8365,3106,2800,16,7950,16200
i30,4,real,39997,0,1310,250,8365,3106,2800,16,7950,16200
i30,5,placebo,40188,0,1410,220,8495,3257,2880,16,8310,15600
i30,5,real,39922,0,1350,180,8470,3170,2840,17,8295,15600
